--TECHNICIANS table
INSERT INTO technicians (technician_id,first_last_name, hired_date) VALUES (1, 'Douglas Gray', '2000-08-14');
INSERT INTO technicians (technician_id,first_last_name, hired_date) VALUES (11, 'Jennifer Schmidt', '1988-06-06');
INSERT INTO technicians (technician_id,first_last_name, hired_date) VALUES (21, 'Laura Perez', '1998-03-08');
INSERT INTO technicians (technician_id,first_last_name, hired_date) VALUES (31, 'Taylor Gonzales', '2017-03-18');
INSERT INTO technicians (technician_id,first_last_name, hired_date) VALUES (41, 'Cody Hall', '1991-11-03');
INSERT INTO technicians (technician_id,first_last_name, hired_date) VALUES (51, 'Taylor Hale', '1989-02-21');
INSERT INTO technicians (technician_id,first_last_name, hired_date) VALUES (61, 'Darryl Owens', '2009-05-28');
INSERT INTO technicians (technician_id,first_last_name, hired_date) VALUES (71, 'Bonnie Moore', '2001-08-27');
INSERT INTO technicians (technician_id,first_last_name, hired_date) VALUES (81, 'Justin Bennett', '1992-10-04');
INSERT INTO technicians (technician_id,first_last_name, hired_date) VALUES (91, 'Kelly Mills', '2010-12-05');
INSERT INTO technicians (technician_id,first_last_name, hired_date) VALUES (101, 'Joseph Vasquez', '1985-05-21');
INSERT INTO technicians (technician_id,first_last_name, hired_date) VALUES (111, 'Christopher Schmidt', '1982-08-21');
INSERT INTO technicians (technician_id,first_last_name, hired_date) VALUES (121, 'Susan Macias', '1972-08-20');
INSERT INTO technicians (technician_id,first_last_name, hired_date) VALUES (131, 'Brent Boone', '1976-02-14');
INSERT INTO technicians (technician_id,first_last_name, hired_date) VALUES (141, 'Sarah Thomas PhD', '2013-09-20');
INSERT INTO technicians (technician_id,first_last_name, hired_date) VALUES (151, 'Christopher Lawrence', '1976-09-21');
INSERT INTO technicians (technician_id,first_last_name, hired_date) VALUES (161, 'Corey Greene', '1986-02-04');
INSERT INTO technicians (technician_id,first_last_name, hired_date) VALUES (171, 'Bradley Walker', '1990-12-07');
INSERT INTO technicians (technician_id,first_last_name, hired_date) VALUES (181, 'Christopher Chang', '1984-04-25');
INSERT INTO technicians (technician_id,first_last_name, hired_date) VALUES (191, 'Matthew French', '1973-04-18');


--maintenance_protocols
INSERT INTO maintenance_protocols (protocol_id, protocol_name, recurrence_hours) VALUES (0, 'Inspect mesh for drift', 50);
INSERT INTO maintenance_protocols (protocol_id, protocol_name, recurrence_hours) VALUES (12, 'Measure key dimensions against drawings', 500);
INSERT INTO maintenance_protocols (protocol_id, protocol_name, recurrence_hours) VALUES (9, 'Examine end effector for damage', 75);
INSERT INTO maintenance_protocols (protocol_id, protocol_name, recurrence_hours) VALUES (28, 'Clean computer fans and change air filters', 150);
INSERT INTO maintenance_protocols (protocol_id, protocol_name, recurrence_hours) VALUES (49, 'Wipe down end effector with sanitizer', 25);
INSERT INTO maintenance_protocols (protocol_id, protocol_name, recurrence_hours) VALUES (42, 'Wipe down robot panels with sanitizer', 100);
INSERT INTO maintenance_protocols (protocol_id, protocol_name, recurrence_hours) VALUES (77, 'Replace end effector blades', 50);
INSERT INTO maintenance_protocols (protocol_id, protocol_name, recurrence_hours) VALUES (57, 'Inspect undercarriage for signs of damage', 500);
INSERT INTO maintenance_protocols (protocol_id, protocol_name, recurrence_hours) VALUES (45, 'Replace end effector infrared camera', 500);
INSERT INTO maintenance_protocols (protocol_id, protocol_name, recurrence_hours) VALUES (39, 'Visually inspect end effector for signs of damage', 25);
INSERT INTO maintenance_protocols (protocol_id, protocol_name, recurrence_hours) VALUES (96, 'Visually inspect computers and networking equipment', 100);
INSERT INTO maintenance_protocols (protocol_id, protocol_name, recurrence_hours) VALUES (27, 'Calibrate coarse vision camera', 25);
INSERT INTO maintenance_protocols (protocol_id, protocol_name, recurrence_hours) VALUES (146, 'Calibrate IR end effector camera', 25);
INSERT INTO maintenance_protocols (protocol_id, protocol_name, recurrence_hours) VALUES (136, 'Test full safety system', 100);
INSERT INTO maintenance_protocols (protocol_id, protocol_name, recurrence_hours) VALUES (113, 'Calibrate proximity sensors', 100);
INSERT INTO maintenance_protocols (protocol_id, protocol_name, recurrence_hours) VALUES (65, 'Calibrate arm sensitivity', 100);
INSERT INTO maintenance_protocols (protocol_id, protocol_name, recurrence_hours) VALUES (67, 'Calibrate force torque sensing', 100);
INSERT INTO maintenance_protocols (protocol_id, protocol_name, recurrence_hours) VALUES (106, 'Calibrate ripeness configuration', 25);
INSERT INTO maintenance_protocols (protocol_id, protocol_name, recurrence_hours) VALUES (127, 'Calibrate encoder', 75);
INSERT INTO maintenance_protocols (protocol_id, protocol_name, recurrence_hours) VALUES (38, 'Examine screws for tightness', 75);
INSERT INTO maintenance_protocols (protocol_id, protocol_name, recurrence_hours) VALUES (202, 'Replenish pest bio-controller', 100);
INSERT INTO maintenance_protocols (protocol_id, protocol_name, recurrence_hours) VALUES (66, 'Examine and replenish hydraulic fluids if needed', 125);

--robots
INSERT INTO robots (robot_id, robot_class, robot_name, date_commissioned) VALUES (1, 'HARVEST', 'HA-1', '2021-03-16');
INSERT INTO robots (robot_id, robot_class, robot_name, date_commissioned) VALUES (2, 'HARVEST', 'HA-2', '2020-04-14');
INSERT INTO robots (robot_id, robot_class, robot_name, date_commissioned) VALUES (3, 'HARVEST', 'HA-3', '2020-10-02');
INSERT INTO robots (robot_id, robot_class, robot_name, date_commissioned) VALUES (4, 'HARVEST', 'HA-4', '2022-11-05');
INSERT INTO robots (robot_id, robot_class, robot_name, date_commissioned) VALUES (5, 'HARVEST', 'HA-5', '2020-06-11');
INSERT INTO robots (robot_id, robot_class, robot_name, date_commissioned) VALUES (6, 'HARVEST', 'HA-6', '2022-08-18');
INSERT INTO robots (robot_id, robot_class, robot_name, date_commissioned) VALUES (7, 'HARVEST', 'HA-7', '2021-11-06');
INSERT INTO robots (robot_id, robot_class, robot_name, date_commissioned) VALUES (8, 'HARVEST', 'HA-8', '2020-06-17');
INSERT INTO robots (robot_id, robot_class, robot_name, date_commissioned) VALUES (9, 'HARVEST', 'HA-9', '2019-10-30');
INSERT INTO robots (robot_id, robot_class, robot_name, date_commissioned) VALUES (10, 'HARVEST', 'HA-10', '2020-03-31');
INSERT INTO robots (robot_id, robot_class, robot_name, date_commissioned) VALUES (11, 'BIOCONTROL', 'BI-11', '2021-10-13');
INSERT INTO robots (robot_id, robot_class, robot_name, date_commissioned) VALUES (12, 'BIOCONTROL', 'BI-12', '2021-03-18');
INSERT INTO robots (robot_id, robot_class, robot_name, date_commissioned) VALUES (13, 'BIOCONTROL', 'BI-13', '2019-12-31');
INSERT INTO robots (robot_id, robot_class, robot_name, date_commissioned) VALUES (14, 'BIOCONTROL', 'BI-14', '2020-12-19');
INSERT INTO robots (robot_id, robot_class, robot_name, date_commissioned) VALUES (15, 'BIOCONTROL', 'BI-15', '2023-12-12');
INSERT INTO robots (robot_id, robot_class, robot_name, date_commissioned) VALUES (16, 'BIOCONTROL', 'BI-16', '2020-03-17');
INSERT INTO robots (robot_id, robot_class, robot_name, date_commissioned) VALUES (17, 'BIOCONTROL', 'BI-17', '2019-12-28');
INSERT INTO robots (robot_id, robot_class, robot_name, date_commissioned) VALUES (18, 'BIOCONTROL', 'BI-18', '2020-06-02');
INSERT INTO robots (robot_id, robot_class, robot_name, date_commissioned) VALUES (19, 'BIOCONTROL', 'BI-19', '2022-03-23');
INSERT INTO robots (robot_id, robot_class, robot_name, date_commissioned) VALUES (20, 'BIOCONTROL', 'BI-20', '2019-05-27');
INSERT INTO robots (robot_id, robot_class, robot_name, date_commissioned) VALUES (21, 'PLANT MAINTENANCE', 'PL-21', '2023-10-03');
INSERT INTO robots (robot_id, robot_class, robot_name, date_commissioned) VALUES (22, 'PLANT MAINTENANCE', 'PL-22', '2023-03-29');
INSERT INTO robots (robot_id, robot_class, robot_name, date_commissioned) VALUES (23, 'PLANT MAINTENANCE', 'PL-23', '2020-01-08');
INSERT INTO robots (robot_id, robot_class, robot_name, date_commissioned) VALUES (24, 'PLANT MAINTENANCE', 'PL-24', '2021-03-20');
INSERT INTO robots (robot_id, robot_class, robot_name, date_commissioned) VALUES (25, 'PLANT MAINTENANCE', 'PL-25', '2019-05-01');
INSERT INTO robots (robot_id, robot_class, robot_name, date_commissioned) VALUES (26, 'PLANT MAINTENANCE', 'PL-26', '2022-07-03');
INSERT INTO robots (robot_id, robot_class, robot_name, date_commissioned) VALUES (27, 'PLANT MAINTENANCE', 'PL-27', '2021-06-13');
INSERT INTO robots (robot_id, robot_class, robot_name, date_commissioned) VALUES (28, 'PLANT MAINTENANCE', 'PL-28', '2023-03-29');
INSERT INTO robots (robot_id, robot_class, robot_name, date_commissioned) VALUES (29, 'PLANT MAINTENANCE', 'PL-29', '2021-06-21');
INSERT INTO robots (robot_id, robot_class, robot_name, date_commissioned) VALUES (30, 'PLANT MAINTENANCE', 'PL-30', '2020-01-26');

--robot_jobs
INSERT INTO robot_jobs (job_type, robot_class) VALUES ('Harvesting', 'HARVESTING');
INSERT INTO robot_jobs (job_type, robot_class) VALUES ('Deleafing', 'PLANT MAINTENANCE');
INSERT INTO robot_jobs (job_type, robot_class) VALUES ('Pruning', 'PLANT MAINTENANCE');
INSERT INTO robot_jobs (job_type, robot_class) VALUES ('Lowering', 'PLANT MAINTENANCE');
INSERT INTO robot_jobs (job_type, robot_class) VALUES ('Spraying', 'BIOCONTROL');

--greenhouse_rows
INSERT INTO greenhouse_rows (row_id, greenhouse_location) VALUES ('1-L', 'A');
INSERT INTO greenhouse_rows (row_id, greenhouse_location) VALUES ('2-R', 'A');
INSERT INTO greenhouse_rows (row_id, greenhouse_location) VALUES ('3-L', 'A');
INSERT INTO greenhouse_rows (row_id, greenhouse_location) VALUES ('4-R', 'A');
INSERT INTO greenhouse_rows (row_id, greenhouse_location) VALUES ('5-L', 'A');
INSERT INTO greenhouse_rows (row_id, greenhouse_location) VALUES ('6-R', 'A');
INSERT INTO greenhouse_rows (row_id, greenhouse_location) VALUES ('7-L', 'A');
INSERT INTO greenhouse_rows (row_id, greenhouse_location) VALUES ('8-R', 'A');
INSERT INTO greenhouse_rows (row_id, greenhouse_location) VALUES ('9-L', 'A');
INSERT INTO greenhouse_rows (row_id, greenhouse_location) VALUES ('10-R', 'A');
INSERT INTO greenhouse_rows (row_id, greenhouse_location) VALUES ('11-L', 'A');
INSERT INTO greenhouse_rows (row_id, greenhouse_location) VALUES ('12-R', 'A');
INSERT INTO greenhouse_rows (row_id, greenhouse_location) VALUES ('13-L', 'A');
INSERT INTO greenhouse_rows (row_id, greenhouse_location) VALUES ('14-R', 'A');
INSERT INTO greenhouse_rows (row_id, greenhouse_location) VALUES ('15-L', 'A');
INSERT INTO greenhouse_rows (row_id, greenhouse_location) VALUES ('16-R', 'A');
INSERT INTO greenhouse_rows (row_id, greenhouse_location) VALUES ('17-L', 'A');
INSERT INTO greenhouse_rows (row_id, greenhouse_location) VALUES ('18-R', 'A');
INSERT INTO greenhouse_rows (row_id, greenhouse_location) VALUES ('19-L', 'A');
INSERT INTO greenhouse_rows (row_id, greenhouse_location) VALUES ('20-R', 'A');
INSERT INTO greenhouse_rows (row_id, greenhouse_location) VALUES ('21-L', 'A');
INSERT INTO greenhouse_rows (row_id, greenhouse_location) VALUES ('22-R', 'A');
INSERT INTO greenhouse_rows (row_id, greenhouse_location) VALUES ('23-L', 'A');
INSERT INTO greenhouse_rows (row_id, greenhouse_location) VALUES ('24-R', 'A');
INSERT INTO greenhouse_rows (row_id, greenhouse_location) VALUES ('25-L', 'A');
INSERT INTO greenhouse_rows (row_id, greenhouse_location) VALUES ('26-R', 'A');
INSERT INTO greenhouse_rows (row_id, greenhouse_location) VALUES ('27-L', 'A');
INSERT INTO greenhouse_rows (row_id, greenhouse_location) VALUES ('28-R', 'A');
INSERT INTO greenhouse_rows (row_id, greenhouse_location) VALUES ('29-L', 'A');
INSERT INTO greenhouse_rows (row_id, greenhouse_location) VALUES ('30-R', 'A');
INSERT INTO greenhouse_rows (row_id, greenhouse_location) VALUES ('31-L', 'A');
INSERT INTO greenhouse_rows (row_id, greenhouse_location) VALUES ('32-R', 'A');
INSERT INTO greenhouse_rows (row_id, greenhouse_location) VALUES ('33-L', 'A');
INSERT INTO greenhouse_rows (row_id, greenhouse_location) VALUES ('34-R', 'A');
INSERT INTO greenhouse_rows (row_id, greenhouse_location) VALUES ('35-L', 'A');
INSERT INTO greenhouse_rows (row_id, greenhouse_location) VALUES ('36-R', 'A');
INSERT INTO greenhouse_rows (row_id, greenhouse_location) VALUES ('37-L', 'A');
INSERT INTO greenhouse_rows (row_id, greenhouse_location) VALUES ('38-R', 'A');
INSERT INTO greenhouse_rows (row_id, greenhouse_location) VALUES ('39-L', 'A');
INSERT INTO greenhouse_rows (row_id, greenhouse_location) VALUES ('40-R', 'A');
INSERT INTO greenhouse_rows (row_id, greenhouse_location) VALUES ('41-L', 'A');
INSERT INTO greenhouse_rows (row_id, greenhouse_location) VALUES ('42-R', 'A');
INSERT INTO greenhouse_rows (row_id, greenhouse_location) VALUES ('43-L', 'A');
INSERT INTO greenhouse_rows (row_id, greenhouse_location) VALUES ('44-R', 'A');
INSERT INTO greenhouse_rows (row_id, greenhouse_location) VALUES ('45-L', 'A');
INSERT INTO greenhouse_rows (row_id, greenhouse_location) VALUES ('46-R', 'A');
INSERT INTO greenhouse_rows (row_id, greenhouse_location) VALUES ('47-L', 'A');
INSERT INTO greenhouse_rows (row_id, greenhouse_location) VALUES ('48-R', 'A');
INSERT INTO greenhouse_rows (row_id, greenhouse_location) VALUES ('49-L', 'A');
INSERT INTO greenhouse_rows (row_id, greenhouse_location) VALUES ('50-R', 'A');
INSERT INTO greenhouse_rows (row_id, greenhouse_location) VALUES ('51-L', 'A');
INSERT INTO greenhouse_rows (row_id, greenhouse_location) VALUES ('52-R', 'A');
INSERT INTO greenhouse_rows (row_id, greenhouse_location) VALUES ('53-L', 'A');
INSERT INTO greenhouse_rows (row_id, greenhouse_location) VALUES ('54-R', 'A');
INSERT INTO greenhouse_rows (row_id, greenhouse_location) VALUES ('55-L', 'A');
INSERT INTO greenhouse_rows (row_id, greenhouse_location) VALUES ('56-R', 'A');
INSERT INTO greenhouse_rows (row_id, greenhouse_location) VALUES ('57-L', 'A');
INSERT INTO greenhouse_rows (row_id, greenhouse_location) VALUES ('58-R', 'A');
INSERT INTO greenhouse_rows (row_id, greenhouse_location) VALUES ('59-L', 'A');
INSERT INTO greenhouse_rows (row_id, greenhouse_location) VALUES ('60-R', 'A');
INSERT INTO greenhouse_rows (row_id, greenhouse_location) VALUES ('61-L', 'A');
INSERT INTO greenhouse_rows (row_id, greenhouse_location) VALUES ('62-R', 'A');
INSERT INTO greenhouse_rows (row_id, greenhouse_location) VALUES ('63-L', 'A');
INSERT INTO greenhouse_rows (row_id, greenhouse_location) VALUES ('64-R', 'A');
INSERT INTO greenhouse_rows (row_id, greenhouse_location) VALUES ('65-L', 'A');
INSERT INTO greenhouse_rows (row_id, greenhouse_location) VALUES ('66-R', 'A');
INSERT INTO greenhouse_rows (row_id, greenhouse_location) VALUES ('67-L', 'A');
INSERT INTO greenhouse_rows (row_id, greenhouse_location) VALUES ('68-R', 'A');
INSERT INTO greenhouse_rows (row_id, greenhouse_location) VALUES ('69-L', 'A');
INSERT INTO greenhouse_rows (row_id, greenhouse_location) VALUES ('70-R', 'A');
INSERT INTO greenhouse_rows (row_id, greenhouse_location) VALUES ('71-L', 'A');
INSERT INTO greenhouse_rows (row_id, greenhouse_location) VALUES ('72-R', 'A');
INSERT INTO greenhouse_rows (row_id, greenhouse_location) VALUES ('73-L', 'A');
INSERT INTO greenhouse_rows (row_id, greenhouse_location) VALUES ('74-R', 'A');
INSERT INTO greenhouse_rows (row_id, greenhouse_location) VALUES ('75-L', 'A');
INSERT INTO greenhouse_rows (row_id, greenhouse_location) VALUES ('76-R', 'A');
INSERT INTO greenhouse_rows (row_id, greenhouse_location) VALUES ('77-L', 'A');
INSERT INTO greenhouse_rows (row_id, greenhouse_location) VALUES ('78-R', 'A');
INSERT INTO greenhouse_rows (row_id, greenhouse_location) VALUES ('79-L', 'A');
INSERT INTO greenhouse_rows (row_id, greenhouse_location) VALUES ('80-R', 'A');
INSERT INTO greenhouse_rows (row_id, greenhouse_location) VALUES ('81-L', 'A');
INSERT INTO greenhouse_rows (row_id, greenhouse_location) VALUES ('82-R', 'A');
INSERT INTO greenhouse_rows (row_id, greenhouse_location) VALUES ('83-L', 'A');
INSERT INTO greenhouse_rows (row_id, greenhouse_location) VALUES ('84-R', 'A');
INSERT INTO greenhouse_rows (row_id, greenhouse_location) VALUES ('85-L', 'A');
INSERT INTO greenhouse_rows (row_id, greenhouse_location) VALUES ('86-R', 'A');
INSERT INTO greenhouse_rows (row_id, greenhouse_location) VALUES ('87-L', 'A');
INSERT INTO greenhouse_rows (row_id, greenhouse_location) VALUES ('88-R', 'A');
INSERT INTO greenhouse_rows (row_id, greenhouse_location) VALUES ('89-L', 'A');
INSERT INTO greenhouse_rows (row_id, greenhouse_location) VALUES ('90-R', 'A');
INSERT INTO greenhouse_rows (row_id, greenhouse_location) VALUES ('91-L', 'A');
INSERT INTO greenhouse_rows (row_id, greenhouse_location) VALUES ('92-R', 'A');
INSERT INTO greenhouse_rows (row_id, greenhouse_location) VALUES ('93-L', 'A');
INSERT INTO greenhouse_rows (row_id, greenhouse_location) VALUES ('94-R', 'A');
INSERT INTO greenhouse_rows (row_id, greenhouse_location) VALUES ('95-L', 'A');
INSERT INTO greenhouse_rows (row_id, greenhouse_location) VALUES ('96-R', 'A');
INSERT INTO greenhouse_rows (row_id, greenhouse_location) VALUES ('97-L', 'A');
INSERT INTO greenhouse_rows (row_id, greenhouse_location) VALUES ('98-R', 'A');
INSERT INTO greenhouse_rows (row_id, greenhouse_location) VALUES ('99-L', 'A');
INSERT INTO greenhouse_rows (row_id, greenhouse_location) VALUES ('100-R', 'A');
INSERT INTO greenhouse_rows (row_id, greenhouse_location) VALUES ('101-L', 'B');
INSERT INTO greenhouse_rows (row_id, greenhouse_location) VALUES ('102-R', 'B');
INSERT INTO greenhouse_rows (row_id, greenhouse_location) VALUES ('103-L', 'B');
INSERT INTO greenhouse_rows (row_id, greenhouse_location) VALUES ('104-R', 'B');
INSERT INTO greenhouse_rows (row_id, greenhouse_location) VALUES ('105-L', 'B');
INSERT INTO greenhouse_rows (row_id, greenhouse_location) VALUES ('106-R', 'B');
INSERT INTO greenhouse_rows (row_id, greenhouse_location) VALUES ('107-L', 'B');
INSERT INTO greenhouse_rows (row_id, greenhouse_location) VALUES ('108-R', 'B');
INSERT INTO greenhouse_rows (row_id, greenhouse_location) VALUES ('109-L', 'B');
INSERT INTO greenhouse_rows (row_id, greenhouse_location) VALUES ('110-R', 'B');
INSERT INTO greenhouse_rows (row_id, greenhouse_location) VALUES ('111-L', 'B');
INSERT INTO greenhouse_rows (row_id, greenhouse_location) VALUES ('112-R', 'B');
INSERT INTO greenhouse_rows (row_id, greenhouse_location) VALUES ('113-L', 'B');
INSERT INTO greenhouse_rows (row_id, greenhouse_location) VALUES ('114-R', 'B');
INSERT INTO greenhouse_rows (row_id, greenhouse_location) VALUES ('115-L', 'B');
INSERT INTO greenhouse_rows (row_id, greenhouse_location) VALUES ('116-R', 'B');
INSERT INTO greenhouse_rows (row_id, greenhouse_location) VALUES ('117-L', 'B');
INSERT INTO greenhouse_rows (row_id, greenhouse_location) VALUES ('118-R', 'B');
INSERT INTO greenhouse_rows (row_id, greenhouse_location) VALUES ('119-L', 'B');
INSERT INTO greenhouse_rows (row_id, greenhouse_location) VALUES ('120-R', 'B');
INSERT INTO greenhouse_rows (row_id, greenhouse_location) VALUES ('121-L', 'B');
INSERT INTO greenhouse_rows (row_id, greenhouse_location) VALUES ('122-R', 'B');
INSERT INTO greenhouse_rows (row_id, greenhouse_location) VALUES ('123-L', 'B');
INSERT INTO greenhouse_rows (row_id, greenhouse_location) VALUES ('124-R', 'B');
INSERT INTO greenhouse_rows (row_id, greenhouse_location) VALUES ('125-L', 'B');
INSERT INTO greenhouse_rows (row_id, greenhouse_location) VALUES ('126-R', 'B');
INSERT INTO greenhouse_rows (row_id, greenhouse_location) VALUES ('127-L', 'B');
INSERT INTO greenhouse_rows (row_id, greenhouse_location) VALUES ('128-R', 'B');
INSERT INTO greenhouse_rows (row_id, greenhouse_location) VALUES ('129-L', 'B');
INSERT INTO greenhouse_rows (row_id, greenhouse_location) VALUES ('130-R', 'B');
INSERT INTO greenhouse_rows (row_id, greenhouse_location) VALUES ('131-L', 'B');
INSERT INTO greenhouse_rows (row_id, greenhouse_location) VALUES ('132-R', 'B');
INSERT INTO greenhouse_rows (row_id, greenhouse_location) VALUES ('133-L', 'B');
INSERT INTO greenhouse_rows (row_id, greenhouse_location) VALUES ('134-R', 'B');
INSERT INTO greenhouse_rows (row_id, greenhouse_location) VALUES ('135-L', 'B');
INSERT INTO greenhouse_rows (row_id, greenhouse_location) VALUES ('136-R', 'B');
INSERT INTO greenhouse_rows (row_id, greenhouse_location) VALUES ('137-L', 'B');
INSERT INTO greenhouse_rows (row_id, greenhouse_location) VALUES ('138-R', 'B');



--plants_active
INSERT INTO plants_active (plant_id, row_id, crop_variety, date_planted) VALUES ('pi-1','1-L', 'piccolo', '2021-02-27');
INSERT INTO plants_active (plant_id, row_id, crop_variety, date_planted) VALUES ('pi-2','1-R', 'piccolo', '2021-11-09');
INSERT INTO plants_active (plant_id, row_id, crop_variety, date_planted) VALUES ('pi-3','1-L', 'piccolo', '2021-07-23');
INSERT INTO plants_active (plant_id, row_id, crop_variety, date_planted) VALUES ('pi-4','1-R', 'piccolo', '2021-02-12');
INSERT INTO plants_active (plant_id, row_id, crop_variety, date_planted) VALUES ('pi-5','1-L', 'piccolo', '2021-03-10');
INSERT INTO plants_active (plant_id, row_id, crop_variety, date_planted) VALUES ('pi-6','1-R', 'piccolo', '2021-03-07');
INSERT INTO plants_active (plant_id, row_id, crop_variety, date_planted) VALUES ('pi-7','2-L', 'piccolo', '2021-01-01');
INSERT INTO plants_active (plant_id, row_id, crop_variety, date_planted) VALUES ('pi-8','2-R', 'piccolo', '2021-01-03');
INSERT INTO plants_active (plant_id, row_id, crop_variety, date_planted) VALUES ('pi-9','2-L', 'piccolo', '2021-04-25');
INSERT INTO plants_active (plant_id, row_id, crop_variety, date_planted) VALUES ('pi-10','2-R', 'piccolo', '2021-12-11');
INSERT INTO plants_active (plant_id, row_id, crop_variety, date_planted) VALUES ('pi-11','2-L', 'piccolo', '2021-08-12');
INSERT INTO plants_active (plant_id, row_id, crop_variety, date_planted) VALUES ('pi-12','2-R', 'piccolo', '2021-11-08');
INSERT INTO plants_active (plant_id, row_id, crop_variety, date_planted) VALUES ('pi-13','3-L', 'piccolo', '2021-01-19');
INSERT INTO plants_active (plant_id, row_id, crop_variety, date_planted) VALUES ('pi-14','3-R', 'piccolo', '2021-04-28');
INSERT INTO plants_active (plant_id, row_id, crop_variety, date_planted) VALUES ('pi-15','3-L', 'piccolo', '2021-03-02');
INSERT INTO plants_active (plant_id, row_id, crop_variety, date_planted) VALUES ('pi-16','3-R', 'piccolo', '2021-11-11');
INSERT INTO plants_active (plant_id, row_id, crop_variety, date_planted) VALUES ('pi-17','3-L', 'piccolo', '2021-10-18');
INSERT INTO plants_active (plant_id, row_id, crop_variety, date_planted) VALUES ('pi-18','3-R', 'piccolo', '2021-10-01');
INSERT INTO plants_active (plant_id, row_id, crop_variety, date_planted) VALUES ('pi-19','4-L', 'piccolo', '2021-10-31');
INSERT INTO plants_active (plant_id, row_id, crop_variety, date_planted) VALUES ('pi-20','4-R', 'piccolo', '2021-09-08');
INSERT INTO plants_active (plant_id, row_id, crop_variety, date_planted) VALUES ('su-21','4-L', 'sunstream', '2021-01-07');
INSERT INTO plants_active (plant_id, row_id, crop_variety, date_planted) VALUES ('su-22','4-R', 'sunstream', '2021-06-12');
INSERT INTO plants_active (plant_id, row_id, crop_variety, date_planted) VALUES ('su-23','4-L', 'sunstream', '2021-05-17');
INSERT INTO plants_active (plant_id, row_id, crop_variety, date_planted) VALUES ('su-24','4-R', 'sunstream', '2021-07-25');
INSERT INTO plants_active (plant_id, row_id, crop_variety, date_planted) VALUES ('su-25','5-L', 'sunstream', '2021-04-22');
INSERT INTO plants_active (plant_id, row_id, crop_variety, date_planted) VALUES ('su-26','5-R', 'sunstream', '2021-08-17');
INSERT INTO plants_active (plant_id, row_id, crop_variety, date_planted) VALUES ('su-27','5-L', 'sunstream', '2021-10-15');
INSERT INTO plants_active (plant_id, row_id, crop_variety, date_planted) VALUES ('su-28','5-R', 'sunstream', '2021-01-21');
INSERT INTO plants_active (plant_id, row_id, crop_variety, date_planted) VALUES ('su-29','5-L', 'sunstream', '2021-01-02');
INSERT INTO plants_active (plant_id, row_id, crop_variety, date_planted) VALUES ('su-30','5-R', 'sunstream', '2021-07-13');
INSERT INTO plants_active (plant_id, row_id, crop_variety, date_planted) VALUES ('su-31','6-L', 'sunstream', '2021-11-15');
INSERT INTO plants_active (plant_id, row_id, crop_variety, date_planted) VALUES ('su-32','6-R', 'sunstream', '2021-01-14');
INSERT INTO plants_active (plant_id, row_id, crop_variety, date_planted) VALUES ('su-33','6-L', 'sunstream', '2021-10-27');
INSERT INTO plants_active (plant_id, row_id, crop_variety, date_planted) VALUES ('su-34','6-R', 'sunstream', '2021-01-28');
INSERT INTO plants_active (plant_id, row_id, crop_variety, date_planted) VALUES ('su-35','6-L', 'sunstream', '2021-06-08');
INSERT INTO plants_active (plant_id, row_id, crop_variety, date_planted) VALUES ('su-36','6-R', 'sunstream', '2021-01-23');
INSERT INTO plants_active (plant_id, row_id, crop_variety, date_planted) VALUES ('su-37','7-L', 'sunstream', '2021-01-12');
INSERT INTO plants_active (plant_id, row_id, crop_variety, date_planted) VALUES ('su-38','7-R', 'sunstream', '2021-09-22');
INSERT INTO plants_active (plant_id, row_id, crop_variety, date_planted) VALUES ('su-39','7-L', 'sunstream', '2021-01-09');
INSERT INTO plants_active (plant_id, row_id, crop_variety, date_planted) VALUES ('su-40','7-R', 'sunstream', '2021-09-16');
INSERT INTO plants_active (plant_id, row_id, crop_variety, date_planted) VALUES ('br-41','7-L', 'brioso', '2021-12-19');
INSERT INTO plants_active (plant_id, row_id, crop_variety, date_planted) VALUES ('br-42','7-R', 'brioso', '2021-06-15');
INSERT INTO plants_active (plant_id, row_id, crop_variety, date_planted) VALUES ('br-43','8-L', 'brioso', '2021-01-13');
INSERT INTO plants_active (plant_id, row_id, crop_variety, date_planted) VALUES ('br-44','8-R', 'brioso', '2021-02-15');
INSERT INTO plants_active (plant_id, row_id, crop_variety, date_planted) VALUES ('br-45','8-L', 'brioso', '2021-12-26');
INSERT INTO plants_active (plant_id, row_id, crop_variety, date_planted) VALUES ('br-46','8-R', 'brioso', '2021-09-08');
INSERT INTO plants_active (plant_id, row_id, crop_variety, date_planted) VALUES ('br-47','8-L', 'brioso', '2021-06-02');
INSERT INTO plants_active (plant_id, row_id, crop_variety, date_planted) VALUES ('br-48','8-R', 'brioso', '2021-03-05');
INSERT INTO plants_active (plant_id, row_id, crop_variety, date_planted) VALUES ('br-49','9-L', 'brioso', '2021-12-23');
INSERT INTO plants_active (plant_id, row_id, crop_variety, date_planted) VALUES ('br-50','9-R', 'brioso', '2021-04-11');
INSERT INTO plants_active (plant_id, row_id, crop_variety, date_planted) VALUES ('br-51','9-L', 'brioso', '2021-11-19');
INSERT INTO plants_active (plant_id, row_id, crop_variety, date_planted) VALUES ('br-52','9-R', 'brioso', '2021-05-26');
INSERT INTO plants_active (plant_id, row_id, crop_variety, date_planted) VALUES ('br-53','9-L', 'brioso', '2021-09-01');
INSERT INTO plants_active (plant_id, row_id, crop_variety, date_planted) VALUES ('br-54','9-R', 'brioso', '2021-08-12');
INSERT INTO plants_active (plant_id, row_id, crop_variety, date_planted) VALUES ('br-55','10-L', 'brioso', '2021-10-19');
INSERT INTO plants_active (plant_id, row_id, crop_variety, date_planted) VALUES ('br-56','10-R', 'brioso', '2021-01-09');
INSERT INTO plants_active (plant_id, row_id, crop_variety, date_planted) VALUES ('br-57','10-L', 'brioso', '2021-01-12');
INSERT INTO plants_active (plant_id, row_id, crop_variety, date_planted) VALUES ('br-58','10-R', 'brioso', '2021-03-01');
INSERT INTO plants_active (plant_id, row_id, crop_variety, date_planted) VALUES ('br-59','10-L', 'brioso', '2021-03-31');
INSERT INTO plants_active (plant_id, row_id, crop_variety, date_planted) VALUES ('br-60','10-R', 'brioso', '2021-05-23');


--trusses_status
INSERT INTO trusses_status (truss_id, plant_id, colour, last_observation, harvested, harvest_job, x_coordinate, z_coordinate, weight_estimate) VALUES (1,'pi-0', '1', '2021-07-10 00:00', '2021-10-07 00:00', 0, 87.7, 1.43, 230);
INSERT INTO trusses_status (truss_id, plant_id, colour, last_observation, harvested, harvest_job, x_coordinate, z_coordinate, weight_estimate) VALUES (2,'pi-0', '3', '2021-05-20 00:01', '2021-04-07 00:01', 1, 64.82, 1.17, 200);
INSERT INTO trusses_status (truss_id, plant_id, colour, last_observation, harvested, harvest_job, x_coordinate, z_coordinate, weight_estimate) VALUES (3,'pi-0', '4', '2021-05-31 00:02', '2021-02-12 00:02', 2, 95.48, 1.36, 200);
INSERT INTO trusses_status (truss_id, plant_id, colour, last_observation, harvested, harvest_job, x_coordinate, z_coordinate, weight_estimate) VALUES (4,'pi-0', '5', '2021-09-25 00:03', '2021-04-20 00:03', 3, 30.09, 1.6, 250);
INSERT INTO trusses_status (truss_id, plant_id, colour, last_observation, harvested, harvest_job, x_coordinate, z_coordinate, weight_estimate) VALUES (5,'pi-1', '2', '2021-09-30 00:04', '2021-08-19 00:04', 4, 46.2, 1.49, 210);
INSERT INTO trusses_status (truss_id, plant_id, colour, last_observation, harvested, harvest_job, x_coordinate, z_coordinate, weight_estimate) VALUES (6,'pi-1', '5', '2021-09-21 00:05', '2021-03-09 00:05', 5, 29.71, 1.59, 210);
INSERT INTO trusses_status (truss_id, plant_id, colour, last_observation, harvested, harvest_job, x_coordinate, z_coordinate, weight_estimate) VALUES (7,'pi-1', '1', '2021-07-14 00:06', '2021-05-08 00:06', 6, 39.38, 1.13, 210);
INSERT INTO trusses_status (truss_id, plant_id, colour, last_observation, harvested, harvest_job, x_coordinate, z_coordinate, weight_estimate) VALUES (8,'pi-1', '3', '2021-03-06 00:07', '2021-02-21 00:07', 7, 6.48, 1.02, 250);
INSERT INTO trusses_status (truss_id, plant_id, colour, last_observation, harvested, harvest_job, x_coordinate, z_coordinate, weight_estimate) VALUES (9,'pi-2', '1', '2021-11-13 00:08', '2021-04-16 00:08', 8, 76.71, 1.22, 220);
INSERT INTO trusses_status (truss_id, plant_id, colour, last_observation, harvested, harvest_job, x_coordinate, z_coordinate, weight_estimate) VALUES (10,'pi-2', '2', '2021-05-05 00:09', '2021-11-16 00:09', 9, 96.4, 1.24, 250);
INSERT INTO trusses_status (truss_id, plant_id, colour, last_observation, harvested, harvest_job, x_coordinate, z_coordinate, weight_estimate) VALUES (11,'pi-2', '5', '2021-12-03 00:00', '2021-07-29 00:00', 10, 17.03, 1.06, 200);
INSERT INTO trusses_status (truss_id, plant_id, colour, last_observation, harvested, harvest_job, x_coordinate, z_coordinate, weight_estimate) VALUES (12,'pi-2', '1', '2021-03-21 00:01', '2021-04-18 00:01', 11, 99.38, 1.13, 210);
INSERT INTO trusses_status (truss_id, plant_id, colour, last_observation, harvested, harvest_job, x_coordinate, z_coordinate, weight_estimate) VALUES (13,'pi-3', '1', '2021-11-27 00:02', '2021-07-14 00:02', 12, 98.56, 1.21, 210);
INSERT INTO trusses_status (truss_id, plant_id, colour, last_observation, harvested, harvest_job, x_coordinate, z_coordinate, weight_estimate) VALUES (14,'pi-3', '5', '2021-06-19 00:03', '2021-12-14 00:03', 13, 44.62, 1.18, 230);
INSERT INTO trusses_status (truss_id, plant_id, colour, last_observation, harvested, harvest_job, x_coordinate, z_coordinate, weight_estimate) VALUES (15,'pi-3', '5', '2021-11-06 00:04', '2021-02-04 00:04', 14, 28.95, 1.23, 200);
INSERT INTO trusses_status (truss_id, plant_id, colour, last_observation, harvested, harvest_job, x_coordinate, z_coordinate, weight_estimate) VALUES (16,'pi-3', '4', '2021-04-20 00:05', '2021-08-16 00:05', 15, 18.07, 1.19, 200);
INSERT INTO trusses_status (truss_id, plant_id, colour, last_observation, harvested, harvest_job, x_coordinate, z_coordinate, weight_estimate) VALUES (17,'pi-4', '1', '2021-08-01 00:06', '2021-07-22 00:06', 16, 60.36, 1.13, 230);
INSERT INTO trusses_status (truss_id, plant_id, colour, last_observation, harvested, harvest_job, x_coordinate, z_coordinate, weight_estimate) VALUES (18,'pi-4', '5', '2021-01-29 00:07', '2021-04-09 00:07', 17, 57.38, 1.26, 200);
INSERT INTO trusses_status (truss_id, plant_id, colour, last_observation, harvested, harvest_job, x_coordinate, z_coordinate, weight_estimate) VALUES (19,'pi-4', '3', '2021-05-24 00:08', '2021-02-28 00:08', 18, 30.2, 1.01, 250);
INSERT INTO trusses_status (truss_id, plant_id, colour, last_observation, harvested, harvest_job, x_coordinate, z_coordinate, weight_estimate) VALUES (20,'pi-4', '2', '2021-10-25 00:09', '2021-06-23 00:09', 19, 40.05, 1.51, 210);
INSERT INTO trusses_status (truss_id, plant_id, colour, last_observation, harvested, harvest_job, x_coordinate, z_coordinate, weight_estimate) VALUES (21,'pi-5', '4', '2021-07-11 00:00', '2021-01-26 00:00', 20, 73.6, 1.24, 230);
INSERT INTO trusses_status (truss_id, plant_id, colour, last_observation, harvested, harvest_job, x_coordinate, z_coordinate, weight_estimate) VALUES (22,'pi-5', '1', '2021-06-24 00:01', '2021-05-02 00:01', 21, 27.15, 1.59, 210);
INSERT INTO trusses_status (truss_id, plant_id, colour, last_observation, harvested, harvest_job, x_coordinate, z_coordinate, weight_estimate) VALUES (23,'pi-5', '2', '2021-08-22 00:02', '2021-06-17 00:02', 22, 71.49, 1.32, 200);
INSERT INTO trusses_status (truss_id, plant_id, colour, last_observation, harvested, harvest_job, x_coordinate, z_coordinate, weight_estimate) VALUES (24,'pi-5', '2', '2021-02-13 00:03', '2021-04-07 00:03', 23, 75.04, 1.57, 200);
INSERT INTO trusses_status (truss_id, plant_id, colour, last_observation, harvested, harvest_job, x_coordinate, z_coordinate, weight_estimate) VALUES (25,'pi-6', '5', '2021-12-30 00:04', '2021-05-15 00:04', 24, 73.06, 1.59, 220);
INSERT INTO trusses_status (truss_id, plant_id, colour, last_observation, harvested, harvest_job, x_coordinate, z_coordinate, weight_estimate) VALUES (26,'pi-6', '5', '2021-11-13 00:05', '2021-04-02 00:05', 25, 30.31, 1.55, 230);
INSERT INTO trusses_status (truss_id, plant_id, colour, last_observation, harvested, harvest_job, x_coordinate, z_coordinate, weight_estimate) VALUES (27,'pi-6', '5', '2021-07-08 00:06', '2021-11-23 00:06', 26, 16.9, 1.52, 220);
INSERT INTO trusses_status (truss_id, plant_id, colour, last_observation, harvested, harvest_job, x_coordinate, z_coordinate, weight_estimate) VALUES (28,'pi-6', '5', '2021-10-08 00:07', '2021-11-06 00:07', 27, 69.48, 1.59, 250);
INSERT INTO trusses_status (truss_id, plant_id, colour, last_observation, harvested, harvest_job, x_coordinate, z_coordinate, weight_estimate) VALUES (29,'pi-7', '3', '2021-09-09 00:08', '2021-07-07 00:08', 28, 63.73, 1.11, 220);
INSERT INTO trusses_status (truss_id, plant_id, colour, last_observation, harvested, harvest_job, x_coordinate, z_coordinate, weight_estimate) VALUES (30,'pi-7', '3', '2021-02-13 00:09', '2021-01-29 00:09', 29, 54.21, 1.2, 210);
INSERT INTO trusses_status (truss_id, plant_id, colour, last_observation, harvested, harvest_job, x_coordinate, z_coordinate, weight_estimate) VALUES (31,'su-0', '4', '2021-01-31 00:00', NULL, NULL, 26.89, 1.14, 210);
INSERT INTO trusses_status (truss_id, plant_id, colour, last_observation, harvested, harvest_job, x_coordinate, z_coordinate, weight_estimate) VALUES (32,'su-0', '5', '2021-07-29 00:01', NULL, NULL, 35.19, 1.03, 250);
INSERT INTO trusses_status (truss_id, plant_id, colour, last_observation, harvested, harvest_job, x_coordinate, z_coordinate, weight_estimate) VALUES (33,'su-0', '1', '2021-04-16 00:02', NULL, NULL, 25.49, 1.17, 250);
INSERT INTO trusses_status (truss_id, plant_id, colour, last_observation, harvested, harvest_job, x_coordinate, z_coordinate, weight_estimate) VALUES (34,'su-0', '1', '2021-11-27 00:03', NULL, NULL, 39.56, 1.34, 200);
INSERT INTO trusses_status (truss_id, plant_id, colour, last_observation, harvested, harvest_job, x_coordinate, z_coordinate, weight_estimate) VALUES (35,'su-1', '5', '2021-03-24 00:04', NULL, NULL, 45.65, 1.33, 220);
INSERT INTO trusses_status (truss_id, plant_id, colour, last_observation, harvested, harvest_job, x_coordinate, z_coordinate, weight_estimate) VALUES (36,'su-1', '3', '2021-06-01 00:05', NULL, NULL, 66.29, 1.39, 210);
INSERT INTO trusses_status (truss_id, plant_id, colour, last_observation, harvested, harvest_job, x_coordinate, z_coordinate, weight_estimate) VALUES (37,'su-1', '5', '2021-08-11 00:06', NULL, NULL, 53.34, 1.47, 250);
INSERT INTO trusses_status (truss_id, plant_id, colour, last_observation, harvested, harvest_job, x_coordinate, z_coordinate, weight_estimate) VALUES (38,'su-1', '5', '2021-04-25 00:07', NULL, NULL, 24.33, 1.45, 210);
INSERT INTO trusses_status (truss_id, plant_id, colour, last_observation, harvested, harvest_job, x_coordinate, z_coordinate, weight_estimate) VALUES (39,'su-2', '4', '2021-10-21 00:08', NULL, NULL, 20.44, 1.39, 220);
INSERT INTO trusses_status (truss_id, plant_id, colour, last_observation, harvested, harvest_job, x_coordinate, z_coordinate, weight_estimate) VALUES (40,'su-2', '2', '2021-05-09 00:09', NULL, NULL, 12.22, 1.05, 230);
INSERT INTO trusses_status (truss_id, plant_id, colour, last_observation, harvested, harvest_job, x_coordinate, z_coordinate, weight_estimate) VALUES (41,'su-2', '2', '2021-08-03 00:00', NULL, NULL, 67.11, 1.15, 200);
INSERT INTO trusses_status (truss_id, plant_id, colour, last_observation, harvested, harvest_job, x_coordinate, z_coordinate, weight_estimate) VALUES (42,'su-2', '1', '2021-03-16 00:01', NULL, NULL, 98.68, 1.56, 220);
INSERT INTO trusses_status (truss_id, plant_id, colour, last_observation, harvested, harvest_job, x_coordinate, z_coordinate, weight_estimate) VALUES (43,'su-3', '5', '2021-09-26 00:02', NULL, NULL, 81.66, 1.33, 230);
INSERT INTO trusses_status (truss_id, plant_id, colour, last_observation, harvested, harvest_job, x_coordinate, z_coordinate, weight_estimate) VALUES (44,'su-3', '2', '2021-05-31 00:03', NULL, NULL, 18.61, 1.42, 210);
INSERT INTO trusses_status (truss_id, plant_id, colour, last_observation, harvested, harvest_job, x_coordinate, z_coordinate, weight_estimate) VALUES (45,'su-3', '1', '2021-09-21 00:04', NULL, NULL, 70.45, 1.06, 210);
INSERT INTO trusses_status (truss_id, plant_id, colour, last_observation, harvested, harvest_job, x_coordinate, z_coordinate, weight_estimate) VALUES (46,'su-3', '2', '2021-02-08 00:05', NULL, NULL, 88.53, 1.29, 230);
INSERT INTO trusses_status (truss_id, plant_id, colour, last_observation, harvested, harvest_job, x_coordinate, z_coordinate, weight_estimate) VALUES (47,'su-4', '3', '2021-03-11 00:06', NULL, NULL, 41.71, 1.01, 220);
INSERT INTO trusses_status (truss_id, plant_id, colour, last_observation, harvested, harvest_job, x_coordinate, z_coordinate, weight_estimate) VALUES (48,'su-4', '3', '2021-12-07 00:07', NULL, NULL, 34.0, 1.34, 250);
INSERT INTO trusses_status (truss_id, plant_id, colour, last_observation, harvested, harvest_job, x_coordinate, z_coordinate, weight_estimate) VALUES (49,'su-4', '1', '2021-06-08 00:08', NULL, NULL, 23.79, 1.45, 200);
INSERT INTO trusses_status (truss_id, plant_id, colour, last_observation, harvested, harvest_job, x_coordinate, z_coordinate, weight_estimate) VALUES (50,'su-4', '4', '2021-04-20 00:09', NULL, NULL, 35.67, 1.39, 230);
INSERT INTO trusses_status (truss_id, plant_id, colour, last_observation, harvested, harvest_job, x_coordinate, z_coordinate, weight_estimate) VALUES (51,'su-5', '1', '2021-08-08 00:00', NULL, NULL, 63.39, 1.1, 230);
INSERT INTO trusses_status (truss_id, plant_id, colour, last_observation, harvested, harvest_job, x_coordinate, z_coordinate, weight_estimate) VALUES (52,'su-5', '5', '2021-11-06 00:01', NULL, NULL, 70.39, 1.16, 250);
INSERT INTO trusses_status (truss_id, plant_id, colour, last_observation, harvested, harvest_job, x_coordinate, z_coordinate, weight_estimate) VALUES (53,'su-5', '4', '2021-05-28 00:02', NULL, NULL, 41.96, 1.51, 210);
INSERT INTO trusses_status (truss_id, plant_id, colour, last_observation, harvested, harvest_job, x_coordinate, z_coordinate, weight_estimate) VALUES (54,'su-5', '4', '2021-04-17 00:03', NULL, NULL, 19.82, 1.56, 220);
INSERT INTO trusses_status (truss_id, plant_id, colour, last_observation, harvested, harvest_job, x_coordinate, z_coordinate, weight_estimate) VALUES (55,'su-6', '4', '2021-07-12 00:04', NULL, NULL, 82.49, 1.59, 230);
INSERT INTO trusses_status (truss_id, plant_id, colour, last_observation, harvested, harvest_job, x_coordinate, z_coordinate, weight_estimate) VALUES (56,'su-6', '3', '2021-07-17 00:05', NULL, NULL, 75.16, 1.31, 220);
INSERT INTO trusses_status (truss_id, plant_id, colour, last_observation, harvested, harvest_job, x_coordinate, z_coordinate, weight_estimate) VALUES (57,'su-6', '2', '2021-01-15 00:06', NULL, NULL, 93.13, 1.11, 230);
INSERT INTO trusses_status (truss_id, plant_id, colour, last_observation, harvested, harvest_job, x_coordinate, z_coordinate, weight_estimate) VALUES (58,'su-6', '4', '2021-07-11 00:07', NULL, NULL, 83.86, 1.19, 200);
INSERT INTO trusses_status (truss_id, plant_id, colour, last_observation, harvested, harvest_job, x_coordinate, z_coordinate, weight_estimate) VALUES (59,'su-7', '4', '2021-04-12 00:08', NULL, NULL, 37.45, 1.07, 220);
INSERT INTO trusses_status (truss_id, plant_id, colour, last_observation, harvested, harvest_job, x_coordinate, z_coordinate, weight_estimate) VALUES (60,'su-7', '5', '2021-02-09 00:09', NULL, NULL, 32.79, 1.14, 250);


--robot_job_log
INSERT INTO robot_job_log (job_id, start_time, end_time, job_type) VALUES (2, '2021-11-21 19:19:00', '2021-11-21 20:27:00', 'Spraying');
INSERT INTO robot_job_log (job_id, start_time, end_time, job_type) VALUES (7, '2021-01-23 10:54:00', '2021-01-23 11:3:00', 'Spraying');
INSERT INTO robot_job_log (job_id, start_time, end_time, job_type) VALUES (9, '2021-07-15 6:55:00', '2021-07-15 7:0:00', 'Pruning');
INSERT INTO robot_job_log (job_id, start_time, end_time, job_type) VALUES (22, '2021-12-12 18:56:00', '2021-12-12 19:7:00', 'Spraying');
INSERT INTO robot_job_log (job_id, start_time, end_time, job_type) VALUES (19, '2021-09-14 15:19:00', '2021-09-14 16:55:00', 'Harvesting');
INSERT INTO robot_job_log (job_id, start_time, end_time, job_type) VALUES (16, '2021-06-04 5:54:00', '2021-06-04 6:36:00', 'Spraying');
INSERT INTO robot_job_log (job_id, start_time, end_time, job_type) VALUES (25, '2021-03-26 12:0:00', '2021-03-26 13:35:00', 'Lowering');
INSERT INTO robot_job_log (job_id, start_time, end_time, job_type) VALUES (34, '2021-11-17 10:18:00', '2021-11-17 11:3:00', 'Spraying');
INSERT INTO robot_job_log (job_id, start_time, end_time, job_type) VALUES (27, '2021-05-07 8:13:00', '2021-05-07 9:29:00', 'Spraying');
INSERT INTO robot_job_log (job_id, start_time, end_time, job_type) VALUES (56, '2021-07-29 7:36:00', '2021-07-29 8:48:00', 'Lowering');
INSERT INTO robot_job_log (job_id, start_time, end_time, job_type) VALUES (75, '2021-03-06 19:10:00', '2021-03-06 20:51:00', 'Deleafing');
INSERT INTO robot_job_log (job_id, start_time, end_time, job_type) VALUES (78, '2021-01-18 23:39:00', '2021-01-18 0:24:00', 'Harvesting');
INSERT INTO robot_job_log (job_id, start_time, end_time, job_type) VALUES (60, '2021-12-09 15:42:00', '2021-12-09 16:56:00', 'Lowering');
INSERT INTO robot_job_log (job_id, start_time, end_time, job_type) VALUES (50, '2022-01-14 14:35:00', '2022-01-14 15:24:00', 'Spraying');
INSERT INTO robot_job_log (job_id, start_time, end_time, job_type) VALUES (84, '2021-06-26 18:49:00', '2021-06-26 19:37:00', 'Spraying');
INSERT INTO robot_job_log (job_id, start_time, end_time, job_type) VALUES (82, '2021-05-31 16:20:00', '2021-05-31 17:30:00', 'Lowering');
INSERT INTO robot_job_log (job_id, start_time, end_time, job_type) VALUES (54, '2021-01-26 14:52:00', '2021-01-26 15:27:00', 'Lowering');
INSERT INTO robot_job_log (job_id, start_time, end_time, job_type) VALUES (74, '2022-01-27 7:14:00', '2022-01-27 8:45:00', 'Deleafing');
INSERT INTO robot_job_log (job_id, start_time, end_time, job_type) VALUES (92, '2021-08-27 6:3:00', '2021-08-27 7:52:00', 'Spraying');
INSERT INTO robot_job_log (job_id, start_time, end_time, job_type) VALUES (141, '2022-01-17 4:23:00', '2022-01-17 5:37:00', 'Deleafing');

--leaf
INSERT INTO leaf (leaf_id, plant_id, deleaf_job, pest_count, x_coordinate, z_coordinate) VALUES (1,'pi-3', 65, 23, '55.92', '1.26');
INSERT INTO leaf (leaf_id, plant_id, deleaf_job, pest_count, x_coordinate, z_coordinate) VALUES (2,'pi-4', 84, 24, '98.26', '1.39');
INSERT INTO leaf (leaf_id, plant_id, deleaf_job, pest_count, x_coordinate, z_coordinate) VALUES (3,'pi-0', 84, 29, '59.43', '1.53');
INSERT INTO leaf (leaf_id, plant_id, deleaf_job, pest_count, x_coordinate, z_coordinate) VALUES (4,'pi-0', 84, 11, '46.02', '1.09');
INSERT INTO leaf (leaf_id, plant_id, deleaf_job, pest_count, x_coordinate, z_coordinate) VALUES (5,'su-0', 18, 10, '59.26', '1.48');
INSERT INTO leaf (leaf_id, plant_id, deleaf_job, pest_count, x_coordinate, z_coordinate) VALUES (6,'su-3', 18, 7, '57.88', '1.18');
INSERT INTO leaf (leaf_id, plant_id, deleaf_job, pest_count, x_coordinate, z_coordinate) VALUES (7,'su-4', 84, 29, '14.42', '1.13');
INSERT INTO leaf (leaf_id, plant_id, deleaf_job, pest_count, x_coordinate, z_coordinate) VALUES (8,'su-2', 84, 21, '31.0', '1.17');
INSERT INTO leaf (leaf_id, plant_id, deleaf_job, pest_count, x_coordinate, z_coordinate) VALUES (9,'su-1', 18, 23, '77.63', '1.56');
INSERT INTO leaf (leaf_id, plant_id, deleaf_job, pest_count, x_coordinate, z_coordinate) VALUES (10,'pi-3', 84, 21, '9.21', '1.55');
INSERT INTO leaf (leaf_id, plant_id, deleaf_job, pest_count, x_coordinate, z_coordinate) VALUES (11,'su-3', 65, 5, '96.37', '1.23');
INSERT INTO leaf (leaf_id, plant_id, deleaf_job, pest_count, x_coordinate, z_coordinate) VALUES (12,'su-5', 84, 7, '38.13', '1.35');
INSERT INTO leaf (leaf_id, plant_id, deleaf_job, pest_count, x_coordinate, z_coordinate) VALUES (13,'su-3', 84, 7, '44.26', '1.17');
INSERT INTO leaf (leaf_id, plant_id, deleaf_job, pest_count, x_coordinate, z_coordinate) VALUES (14,'su-4', 65, 9, '54.65', '1.01');
INSERT INTO leaf (leaf_id, plant_id, deleaf_job, pest_count, x_coordinate, z_coordinate) VALUES (15,'pi-3', 65, 10, '80.9', '1.19');
INSERT INTO leaf (leaf_id, plant_id, deleaf_job, pest_count, x_coordinate, z_coordinate) VALUES (16,'su-4', 84, 11, '20.39', '1.03');
INSERT INTO leaf (leaf_id, plant_id, deleaf_job, pest_count, x_coordinate, z_coordinate) VALUES (17,'su-3', 18, 26, '98.7', '1.58');
INSERT INTO leaf (leaf_id, plant_id, deleaf_job, pest_count, x_coordinate, z_coordinate) VALUES (18,'pi-6', 18, 9, '61.81', '1.58');
INSERT INTO leaf (leaf_id, plant_id, deleaf_job, pest_count, x_coordinate, z_coordinate) VALUES (19,'pi-3', 65, 26, '68.62', '1.59');
INSERT INTO leaf (leaf_id, plant_id, deleaf_job, pest_count, x_coordinate, z_coordinate) VALUES (20,'su-7', 18, 3, '26.75', '1.11');
INSERT INTO leaf (leaf_id, plant_id, deleaf_job, pest_count, x_coordinate, z_coordinate) VALUES (21,'pi-4', 18, 15, '60.71', '1.28');
INSERT INTO leaf (leaf_id, plant_id, deleaf_job, pest_count, x_coordinate, z_coordinate) VALUES (22,'pi-5', 18, 30, '3.68', '1.22');
INSERT INTO leaf (leaf_id, plant_id, deleaf_job, pest_count, x_coordinate, z_coordinate) VALUES (23,'su-2', 65, 29, '70.13', '1.11');
INSERT INTO leaf (leaf_id, plant_id, deleaf_job, pest_count, x_coordinate, z_coordinate) VALUES (24,'su-4', 65, 26, '82.41', '1.52');
INSERT INTO leaf (leaf_id, plant_id, deleaf_job, pest_count, x_coordinate, z_coordinate) VALUES (25,'pi-7', 84, 8, '91.94', '1.51');
INSERT INTO leaf (leaf_id, plant_id, deleaf_job, pest_count, x_coordinate, z_coordinate) VALUES (26,'pi-0', 65, 18, '85.72', '1.53');
INSERT INTO leaf (leaf_id, plant_id, deleaf_job, pest_count, x_coordinate, z_coordinate) VALUES (27,'su-1', 84, 4, '14.03', '1.04');
INSERT INTO leaf (leaf_id, plant_id, deleaf_job, pest_count, x_coordinate, z_coordinate) VALUES (28,'pi-1', 84, 20, '55.62', '1.2');
INSERT INTO leaf (leaf_id, plant_id, deleaf_job, pest_count, x_coordinate, z_coordinate) VALUES (29,'pi-7', 18, 4, '77.44', '1.48');
INSERT INTO leaf (leaf_id, plant_id, deleaf_job, pest_count, x_coordinate, z_coordinate) VALUES (30,'pi-2', 84, 19, '17.7', '1.01');

--sensor_info
INSERT INTO sensor_info (sensor_id, sensor_location, row) VALUES (0, 42, '5-L');
INSERT INTO sensor_info (sensor_id, sensor_location, row) VALUES (1, 5, '5-L');
INSERT INTO sensor_info (sensor_id, sensor_location, row) VALUES (2, 13, '6-R');
INSERT INTO sensor_info (sensor_id, sensor_location, row) VALUES (3, 50, '3-L');
INSERT INTO sensor_info (sensor_id, sensor_location, row) VALUES (4, 46, '5-L');
INSERT INTO sensor_info (sensor_id, sensor_location, row) VALUES (5, 49, '7-L');
INSERT INTO sensor_info (sensor_id, sensor_location, row) VALUES (6, 14, '2-R');
INSERT INTO sensor_info (sensor_id, sensor_location, row) VALUES (7, 38, '6-R');
INSERT INTO sensor_info (sensor_id, sensor_location, row) VALUES (8, 42, '1-R');
INSERT INTO sensor_info (sensor_id, sensor_location, row) VALUES (9, 22, '4-L');
INSERT INTO sensor_info (sensor_id, sensor_location, row) VALUES (10, 10, '6-L');
INSERT INTO sensor_info (sensor_id, sensor_location, row) VALUES (11, 1, '4-L');
INSERT INTO sensor_info (sensor_id, sensor_location, row) VALUES (12, 2, '6-L');
INSERT INTO sensor_info (sensor_id, sensor_location, row) VALUES (13, 25, '3-R');
INSERT INTO sensor_info (sensor_id, sensor_location, row) VALUES (14, 37, '3-R');
INSERT INTO sensor_info (sensor_id, sensor_location, row) VALUES (15, 33, '1-L');
INSERT INTO sensor_info (sensor_id, sensor_location, row) VALUES (16, 34, '6-L');
INSERT INTO sensor_info (sensor_id, sensor_location, row) VALUES (17, 28, '3-L');
INSERT INTO sensor_info (sensor_id, sensor_location, row) VALUES (18, 21, '2-L');
INSERT INTO sensor_info (sensor_id, sensor_location, row) VALUES (19, 35, '3-R');

--sensor_logs
INSERT INTO sensor_logs (log_id, sensor_id, humidity_p, brightness_lux, temperature_c, log_timestamp) VALUES (0, 14, '75', '1593', '34','2021-08-03 00:00');
INSERT INTO sensor_logs (log_id, sensor_id, humidity_p, brightness_lux, temperature_c, log_timestamp) VALUES (1, 8, '84', '2016', '29','2021-12-11 00:01');
INSERT INTO sensor_logs (log_id, sensor_id, humidity_p, brightness_lux, temperature_c, log_timestamp) VALUES (2, 5, '72', '1434', '31','2021-10-14 00:02');
INSERT INTO sensor_logs (log_id, sensor_id, humidity_p, brightness_lux, temperature_c, log_timestamp) VALUES (3, 9, '73', '1714', '34','2021-08-19 00:03');
INSERT INTO sensor_logs (log_id, sensor_id, humidity_p, brightness_lux, temperature_c, log_timestamp) VALUES (4, 19, '79', '1984', '34','2021-03-29 00:04');
INSERT INTO sensor_logs (log_id, sensor_id, humidity_p, brightness_lux, temperature_c, log_timestamp) VALUES (5, 9, '76', '1297', '29','2021-07-26 00:05');
INSERT INTO sensor_logs (log_id, sensor_id, humidity_p, brightness_lux, temperature_c, log_timestamp) VALUES (6, 15, '81', '2231', '30','2021-06-03 00:06');
INSERT INTO sensor_logs (log_id, sensor_id, humidity_p, brightness_lux, temperature_c, log_timestamp) VALUES (7, 8, '79', '1054', '29','2021-04-08 00:07');
INSERT INTO sensor_logs (log_id, sensor_id, humidity_p, brightness_lux, temperature_c, log_timestamp) VALUES (8, 20, '73', '1457', '38','2021-01-02 00:08');
INSERT INTO sensor_logs (log_id, sensor_id, humidity_p, brightness_lux, temperature_c, log_timestamp) VALUES (9, 8, '78', '2515', '32','2021-05-24 00:09');
INSERT INTO sensor_logs (log_id, sensor_id, humidity_p, brightness_lux, temperature_c, log_timestamp) VALUES (10, 6, '73', '1769', '30','2021-06-08 00:00');
INSERT INTO sensor_logs (log_id, sensor_id, humidity_p, brightness_lux, temperature_c, log_timestamp) VALUES (11, 4, '77', '1911', '33','2021-07-23 00:01');
INSERT INTO sensor_logs (log_id, sensor_id, humidity_p, brightness_lux, temperature_c, log_timestamp) VALUES (12, 9, '78', '2879', '31','2021-07-02 00:02');
INSERT INTO sensor_logs (log_id, sensor_id, humidity_p, brightness_lux, temperature_c, log_timestamp) VALUES (13, 7, '80', '2336', '36','2021-01-15 00:03');
INSERT INTO sensor_logs (log_id, sensor_id, humidity_p, brightness_lux, temperature_c, log_timestamp) VALUES (14, 13, '84', '1774', '34','2021-02-26 00:04');
INSERT INTO sensor_logs (log_id, sensor_id, humidity_p, brightness_lux, temperature_c, log_timestamp) VALUES (15, 1, '86', '2045', '37','2021-10-22 00:05');
INSERT INTO sensor_logs (log_id, sensor_id, humidity_p, brightness_lux, temperature_c, log_timestamp) VALUES (16, 19, '84', '2865', '33','2021-02-19 00:06');
INSERT INTO sensor_logs (log_id, sensor_id, humidity_p, brightness_lux, temperature_c, log_timestamp) VALUES (17, 11, '84', '1466', '32','2021-05-10 00:07');
INSERT INTO sensor_logs (log_id, sensor_id, humidity_p, brightness_lux, temperature_c, log_timestamp) VALUES (18, 5, '70', '2881', '32','2021-03-02 00:08');
INSERT INTO sensor_logs (log_id, sensor_id, humidity_p, brightness_lux, temperature_c, log_timestamp) VALUES (19, 1, '77', '2468', '35','2021-01-22 00:09');

--maintenance schedule
INSERT INTO maintenance_schedule (maintenance_job_id, robot, technician_id, scheduled_date) VALUES (0, 'BI-11', 21, '2021-09-22');
INSERT INTO maintenance_schedule (maintenance_job_id, robot, technician_id, scheduled_date) VALUES (1, 'BI-13', 41, '2021-09-04');
INSERT INTO maintenance_schedule (maintenance_job_id, robot, technician_id, scheduled_date) VALUES (2, 'HA-9', 1, '2021-01-27');
INSERT INTO maintenance_schedule (maintenance_job_id, robot, technician_id, scheduled_date) VALUES (3, 'BI-12', 31, '2021-04-19');
INSERT INTO maintenance_schedule (maintenance_job_id, robot, technician_id, scheduled_date) VALUES (4, 'BI-13', 41, '2021-03-13');
INSERT INTO maintenance_schedule (maintenance_job_id, robot, technician_id, scheduled_date) VALUES (5, 'BI-12', 31, '2021-12-03');
INSERT INTO maintenance_schedule (maintenance_job_id, robot, technician_id, scheduled_date) VALUES (6, 'PL-24', 81, '2021-08-14');
INSERT INTO maintenance_schedule (maintenance_job_id, robot, technician_id, scheduled_date) VALUES (7, 'BI-14', 51, '2021-06-07');
INSERT INTO maintenance_schedule (maintenance_job_id, robot, technician_id, scheduled_date) VALUES (8, 'BI-11', 21, '2021-04-10');
INSERT INTO maintenance_schedule (maintenance_job_id, robot, technician_id, scheduled_date) VALUES (9, 'BI-14', 51, '2021-11-15');
INSERT INTO maintenance_schedule (maintenance_job_id, robot, technician_id, scheduled_date) VALUES (10, 'BI-11', 21, '2021-08-23');
INSERT INTO maintenance_schedule (maintenance_job_id, robot, technician_id, scheduled_date) VALUES (11, 'BI-12', 31, '2021-09-01');
INSERT INTO maintenance_schedule (maintenance_job_id, robot, technician_id, scheduled_date) VALUES (12, 'BI-13', 41, '2021-03-11');
INSERT INTO maintenance_schedule (maintenance_job_id, robot, technician_id, scheduled_date) VALUES (13, 'HA-9', 1, '2021-02-19');
INSERT INTO maintenance_schedule (maintenance_job_id, robot, technician_id, scheduled_date) VALUES (14, 'PL-22', 61, '2021-08-02');
INSERT INTO maintenance_schedule (maintenance_job_id, robot, technician_id, scheduled_date) VALUES (15, 'BI-11', 21, '2021-02-26');
INSERT INTO maintenance_schedule (maintenance_job_id, robot, technician_id, scheduled_date) VALUES (16, 'PL-23', 71, '2021-08-13');
INSERT INTO maintenance_schedule (maintenance_job_id, robot, technician_id, scheduled_date) VALUES (17, 'PL-24', 81, '2021-10-26');
INSERT INTO maintenance_schedule (maintenance_job_id, robot, technician_id, scheduled_date) VALUES (18, 'BI-13', 41, '2021-02-02');
INSERT INTO maintenance_schedule (maintenance_job_id, robot, technician_id, scheduled_date) VALUES (19, 'HA-9', 1, '2021-02-22');